Taxon	UniProt proteome ID	NCBI taxon ID	Total sequences in proteome
Myotis myotis	UP000527355	51298	21152
Balaeniceps rex	UP000528411	33584	12216
Rhinopithecus bieti	UP000233180	61621	20855
Lachancea mirantina	UP000191024	1230905	5053
Neomonachus schauinslandi	UP000248481	29088	18767
Blastomyces parvus	UP000224080	2060905	8197
Oncorhynchus mykiss	UP000193380	8022	46405
Coccidioides immitis H538.4	UP000054563	396776	10535
Illadopsis cleaveri	UP000534634	201329	13397
Piaya cayana	UP000653271	33601	13976
Nothophytophthora sp. Chile5	UP000274840	2483409	26905
Rhododendron williamsianum	UP000428333	262921	21355
Aspergillus pseudonomiae	UP000325579	1506151	13384
Rhynochetos jubatus	UP000570016	54386	13676
Raphanus sativus	UP000504610	3726	46827
Meloidogyne enterolobii	UP000580250	390850	56521
Coniella lustricola	UP000241462	2025994	11309
Tieghemostelium lacteum	UP000076078	361077	10208
Lentinula edodes	UP000188533	5353	12046
Laccaria amethystina LaAM-08-1	UP000054477	1095629	20880
Ceyx cyanopectus	UP000586704	390723	11903
Linderina pennispora	UP000193922	61395	9274
Mystacornis crossleyi	UP000537747	98133	10563
Pluvianellus socialis	UP000519225	227228	14306
Auriculariopsis ampla	UP000320762	97359	15404
Trichinella sp. T9	UP000054681	181606	12784
Elsinoe australis	UP000243723	40998	9222
Chlamydomonas incerta	UP000650467	51695	16257
Venustampulla echinocandica	UP000254866	2656787	10697
Gossypium harknessii	UP000593560	34285	28410
Pygoscelis adeliae	UP000054081	9238	12848
Branchiostoma belcheri	UP000515135	7741	23850
Ursus arctos horribilis	UP000286642	116960	19830
Panaeolus cyanescens	UP000284842	181874	13419
Euroglyphus maynei	UP000194236	6958	15246
Nippostrongylus brasiliensis	UP000271162	27835	22636
Aspergillus oryzae	UP000190312	5062	11429
Dimargaris cristalligena	UP000268162	215637	7376
Neolecta irregularis DAH-3	UP000186594	1198029	5530
[Candida] arabinofermentans NRRL YB-2248	UP000094801	983967	5824
Nyssa sinensis	UP000325577	561372	36118
Kipferlia bialata	UP000265618	797122	3390
Phainopepla nitens	UP000579685	161653	13527
Daucus carota subsp. sativus	UP000077755	79200	31771
Trichoplusia ni	UP000322000	7111	14669
Coniochaeta pulveracea	UP000275385	177199	9534
Aquila chrysaetos chrysaetos	UP000472275	223781	16059
Brettanomyces naardenensis	UP000290900	13370	5164
Hypoxylon sp. CI-4A	UP000242955	1001833	11701
Abscondita terminalis	UP000563990	2069292	20366
Halcyon senegalensis	UP000648918	342381	14252
Cyclospora cayetanensis	UP000095192	88456	7151
Anabarilius grahami	UP000281406	495550	23663
Achlya hypogyna	UP000243579	1202772	14400
Ibidorhyncha struthersii	UP000587655	425643	13835
Malassezia restricta CBS 7877	UP000269793	425264	4096
Crocuta crocuta	UP000475037	9678	16983
Prunella himalayana	UP000566454	670356	13876
Hyaloscypha bicolor E	UP000235371	1095630	18610
Lates calcarifer	UP000314980	8187	24715
Malassezia sympodialis ATCC 42132	UP000186303	1230383	4490
Aspergillus thermomutatus	UP000215305	41047	9702
Penicillium subrubescens	UP000186955	1316194	14038
Oryzias javanicus	UP000283210	123683	21345
Ananas comosus	UP000092600	4615	23192
Phialophora americana	UP000054266	5601	10919
Mandrillus leucophaeus	UP000233140	9568	20771
Monascus purpureus	UP000319663	5098	8080
Camelus dromedarius	UP000299084	9838	21124
Fusarium longipes	UP000266234	694270	11420
Cottoperca gobio	UP000504630	56716	21119
Perkinsus chesapeaki	UP000591131	330153	10985
Aspergillus tanneri	UP000308092	1220188	13554
Vespula vulgaris	UP000614350	7454	15506
Monilinia fructigena	UP000249056	38457	10442
Bathycoccus prasinos	UP000198341	41875	7886
Tetracentron sinense	UP000655225	13715	32274
Notiomystis cincta	UP000579558	366454	13629
Blattella germanica	UP000245037	6973	28575
Octopus vulgaris	UP000515154	6645	18617
Babesia ovata	UP000236319	189622	5006
Ursus maritimus	UP000261680	29073	19368
[Candida] haemuloni	UP000244309	45357	5240
Gossypium hirsutum	UP000189702	3635	60892
Aspergillus aculeatus ATCC 16872	UP000184546	690307	10843
Spirometra erinaceieuropaei	UP000550142	99802	27605
Leishmania donovani	UP000318447	5661	7554
Chauna torquata	UP000537522	30388	13466
Bos indicus	UP000515132	9915	19685
Pseudogymnoascus sp. 24MN13	UP000092157	1622150	10229
Sula dactylatra	UP000619137	56068	12940
Postia placenta MAD-698-R-SB12	UP000194127	670580	12515
Steatornis caripensis	UP000516988	48435	14501
Carex littledalei	UP000623129	544730	22319
Tyrannus savana	UP000537779	137541	13553
Mohoua ochrocephala	UP000586926	874463	13564
Kwoniella shandongensis	UP000322225	1734106	7422
Setophaga kirtlandii	UP000550059	298831	13871
Mesocricetus auratus	UP000189706	10036	20469
Rachicladosporium sp. CCFEE 5018	UP000192386	1974281	18035
Brugia timori	UP000280834	42155	15861
Trichoplax sp. H2	UP000253843	287889	12150
Talaromyces amestolkiae	UP000249363	1196081	10407
Eumeta japonica	UP000299102	151549	96129
Drosophila kikkawai	UP000515200	30033	15043
Mola mola	UP000261620	94237	21362
Cordyceps fumosorosea ARSEF 2679	UP000076744	1081104	10050
Nyctiprogne leucopyga	UP000551823	382315	13366
Actinidia chinensis var. chinensis	UP000241394	1590841	32853
Stercorarius parasiticus	UP000532908	54059	13851
Larimichthys crocea	UP000424527	215358	23959
Fusarium nygamai	UP000236664	42673	16018
Physeter catodon	UP000248484	9755	20086
Handroanthus impetiginosus	UP000231279	429701	29726
Aotus nancymaae	UP000233020	37293	20371
Oxyruncus cristatus	UP000564466	114331	14018
Vitis riparia x Vitis cinerea	UP000425232	2018007	119
Phyllostomus discolor	UP000504628	89673	19672
Lynx canadensis	UP000472241	61383	19060
Cephus cinctus	UP000265894	211228	160
Galleria mellonella	UP000504614	7137	14091
Ganoderma sinense ZZ0214-1	UP000230002	1077348	15394
Trichinella britovi	UP000054653	45882	15466
Stagonospora sp. SRC1lsM3a	UP000077206	765868	14420
Protomyces lactucae-debilis	UP000193685	2754530	6702
Neotoma lepida	UP000092124	56216	24274
Xylaria hypoxylon	UP000297716	37992	11037
Spodoptera exigua	UP000648187	7107	14288
Bactrocera dorsalis	UP000504616	27457	11183
Rynchops niger	UP000525416	227184	14305
Hortaea werneckii EXF-2000	UP000194280	1157616	15464
Kazachstania saulgeensis	UP000196158	1789683	5290
Lipomyces starkeyi NRRL Y-11557	UP000094385	675824	8135
Haemonchus placei	UP000268014	6290	21409
Trypanosoma theileri	UP000192257	67003	11236
Ascosphaera apis ARSEF 7405	UP000242877	392613	6442
Arabis nemorensis	UP000489600	586526	28762
Anhinga rufa	UP000528690	317792	10475
Callorhinchus milii	UP000314986	7868	19408
Trichoderma asperellum CBS 433.97	UP000240493	1042311	12546
Aspergillus caelatus	UP000326268	61420	13914
Arachis hypogaea	UP000289738	3818	71122
Pyrenophora seminiperda CCB06	UP000265663	1302712	8702
Kwoniella heveanensis BCC8398	UP000092666	1296120	7924
Cervus hanglu yarkandensis	UP000631465	84702	713
Motacilla alba	UP000532252	45807	13502
Plasmodium berghei ANKA	UP000074855	5823	4927
Odocoileus virginianus texanus	UP000504613	9880	20978
Dentipellis fragilis	UP000298327	205917	11715
Macleaya cordata	UP000195402	56857	21697
Eurypyga helias	UP000054232	54383	7979
Colobus angolensis palliatus	UP000233080	336983	20530
Armadillidium nasatum	UP000326759	96803	14427
Dendrobium catenatum	UP000233837	906689	29029
Madurella mycetomatis	UP000078237	100816	9733
Wallemia ichthyophaga	UP000310689	245174	4149
Fusarium venenatum	UP000245910	56646	13945
Ophiocordyceps camponoti-leonardi (nom. inval.)	UP000252748	2039875	6963
Delphinapterus leucas	UP000248483	9749	18374
Picathartes gymnocephalus	UP000631391	175131	13505
Bombyx mandarina	UP000504629	7092	12763
Gossypium barbadense	UP000239757	3634	40045
Eschrichtius robustus	UP000243164	9764	10855
Armillaria ostoyae	UP000219338	47428	22192
Pseudozyma flocculosa	UP000323386	84751	7767
Chloropsis hardwickii	UP000640999	667144	13502
Limosa lapponica baueri	UP000233556	1758121	22950
Loxia curvirostra	UP000564784	64802	14544
Sparus aurata	UP000472265	8175	25145
Rhodinocichla rosea	UP000574210	58203	14100
Tyto alba	UP000054190	56313	9263
Angomonas deanei	UP000515908	59799	10115
Diutina rugosa	UP000449547	5481	5811
Aspergillus bombycis	UP000179179	109264	12265
Haematococcus lacustris	UP000485058	44745	28121
Acanthochromis polyacanthus	UP000257200	80966	23617
Candolleomyces aberdarensis	UP000290288	2316362	14686
Penicillium freii	UP000055045	48697	11722
Cystoisospora suis	UP000221165	483139	11541
Rosellinia necatrix	UP000054516	77044	12440
Oxylabes madagascariensis	UP000570288	98144	8969
Onychorhynchus coronatus	UP000550309	360224	14340
Geospiza fortis	UP000504602	48883	8284
Ascoidea rubescens DSM 1968	UP000095038	1344418	6733
Akanthomyces lecanii RCEF 1005	UP000076881	1081108	11019
Rotaria sp. Silwood2	UP000663884	2762512	57178
Ascobolus immersus RN42	UP000275078	1160509	17778
Moniliophthora roreri	UP000054988	221103	19789
Pteropus vampyrus	UP000515202	132908	19489
Acer yangbiense	UP000323000	1000413	28112
Naegleria fowleri	UP000444721	5763	13588
Dissoconium aciculare CBS 342.82	UP000504637	1314786	10289
Lonchura striata domestica	UP000197619	299123	15247
Nelumbo nucifera	UP000189703	4432	24001
Cnemophilus loriae	UP000517678	254448	14099
Vireo altiloquus	UP000589495	34956	14067
Monosporascus sp. GIB2	UP000291414	2211647	11773
Pyricularia grisea	UP000515153	148305	12446
Acinonyx jubatus	UP000504626	32536	19413
Trichinella pseudospiralis	UP000054815	6337	10629
Cucumis melo var. makuwa	UP000321393	1194695	37790
Serilophus lunatus	UP000553648	239386	14091
Panicum hallii var. hallii	UP000244336	1504633	33011
Neopipo cinnamomea	UP000556200	456388	13978
Metarhizium anisopliae BRIP 53293	UP000054544	1291518	11404
Terfezia boudieri ATCC MYA-4762	UP000267821	1051890	12026
Hepatocystis sp. ex Piliocolobus tephrosceles	UP000492440	2600580	5281
Fonsecaea erecta	UP000078343	1367422	12089
Colletotrichum tofieldiae	UP000076552	708197	12499
Heliocybe sulcata	UP000305948	5364	12554
Ptilorrhoa leucosticta	UP000547721	449384	13491
Apostichopus japonicus	UP000230750	307972	30032
Drosophila busckii	UP000494163	30019	11911
Gambusia affinis	UP000250572	33528	19443
Valsa sordida	UP000284375	252740	9818
Stemphylium lycopersici	UP000249619	183478	9079
Pseudogymnoascus verrucosus	UP000091956	342668	10682
Dentipellis sp. KUC8613	UP000322482	1883078	14287
Miscanthus lutarioriparius	UP000604825	422564	67182
Hirundo rustica rustica	UP000269221	333673	34534
Tritrichomonas foetus	UP000179807	1144522	24634
Molothrus ater	UP000553862	84834	15960
Cafeteria roenbergensis	UP000323011	33653	8424
Periconia macrospinosa	UP000244855	97972	18722
Sitta europaea	UP000583915	50251	13526
Hesseltinella vesiculosa	UP000242146	101127	11058
Thalassiosira oceanica	UP000266841	159749	34431
Penicillium sp. 'occitanis'	UP000218381	290292	11231
Aspergillus cristatus	UP000094569	573508	10115
Hyaloscypha variabilis F	UP000235786	1149755	20340
Upupa epops	UP000544127	57439	13728
Spirodela intermedia	UP000663760	51605	21594
Rhipidura dahli	UP000561178	667186	14156
Vanilla planifolia	UP000636800	51239	22694
fungal sp. No.14919	UP000189293	1813822	14332
Oryzias melastigma	UP000646548	30732	25439
Monilinia fructicola	UP000322873	38448	12118
Blastocystis sp. ATCC 50177/Nand II	UP000078348	478820	6377
Trichobilharzia regenti	UP000280995	157069	22165
Enterospora canceri	UP000192639	1081671	2147
Cercospora zeina	UP000234720	348901	10192
Strigops habroptila	UP000472266	2489341	16021
Massariosphaeria phaeospora	UP000481861	100035	14012
Hypsibius dujardini	UP000192578	232323	14162
Antrodiella citrinella	UP000308730	2447956	9798
Aspergillus sclerotialis	UP000266188	2070753	11306
Trichinella zimbabwensis	UP000055024	268475	14212
Glareola pratincola	UP000583049	43316	13760
Amanita thiersii Skay4041	UP000242287	703135	10343
Malus baccata	UP000315295	106549	45510
Schistosoma japonicum	UP000311919	6182	10042
Puccinia coronata f. sp. avenae	UP000235388	200324	25533
Raphidocelis subcapitata	UP000247498	307507	13347
Polyporus brumalis	UP000256964	139420	18174
Cladophialophora carrionii	UP000094526	86049	11181
Bison bison bison	UP000515208	43346	20565
Marssonina coronariae	UP000242519	503106	9355
Sinocyclocheilus rhinocerous	UP000472270	307959	44739
Saccharomycodes ludwigii	UP000262825	36035	4013
Trachymyrmex cornetzi	UP000078492	471704	18657
Sinocyclocheilus grahami	UP000472262	75366	44175
Catenaria anguillulae PL171	UP000193411	765915	12590
Schistosoma mattheei	UP000269396	31246	22244
Mytilinidion resinicola	UP000504636	574789	16739
Senna tora	UP000634136	362788	44665
Clunio marinus	UP000183832	568069	21611
Aspergillus sclerotiicarbonarius CBS 121057	UP000248423	1448318	12562
Platysternon megacephalum	UP000297703	55544	21371
Ptilonorhynchus violaceus	UP000584880	28724	13901
Nylanderia fulva	UP000479987	613905	426
Gossypium gossypioides	UP000593579	34282	22326
Syncephalastrum racemosum	UP000242180	13706	11037
Thalassarche chlororhynchos	UP000556761	54017	11811
Aspergillus parasiticus	UP000326532	5067	13752
Ensete ventricosum	UP000288739	4639	58382
Thamnophis sirtalis	UP000504617	35019	18522
Piptocephalis cylindrospora	UP000267251	1907219	4271
Locustella ochotensis	UP000572057	187437	13910
Aspergillus pseudotamarii	UP000325672	132259	13426
Circaetus pectoralis	UP000562238	321084	14132
Ophiocordyceps polyrhachis-furcata BCC 54312	UP000253664	1330021	8807
Hydatigera taeniaeformis	UP000274429	6205	11591
Juglans regia	UP000235220	51240	32622
Peniophora sp. CONT	UP000077086	1314672	18907
Powellomyces hirtus	UP000318582	109895	6533
Puma concolor	UP000515131	9696	17616
Promerops cafer	UP000587587	254652	14071
Sphaeroforma arctica JP610	UP000054560	667725	18207
Penicillium steckii	UP000191285	303698	10355
Mytilus coruscus	UP000507470	42192	58248
Zancudomyces culisetae	UP000188320	1213189	7387
Lachancea dasiensis	UP000190274	1072105	5089
Trichinella murrelli	UP000055048	144512	14367
Brettanomyces bruxellensis	UP000478008	5007	4659
[Candida] inconspicua	UP000307173	52247	5046
Sapajus apella	UP000504640	9515	20350
Kwoniella pini CBS 10737	UP000094020	1296096	7827
Ciccaba nigrolineata	UP000542434	1118524	13820
Aleadryas rufinucha	UP000557196	461220	13884
Anthoscopus minutus	UP000554720	156561	13552
Todus mexicanus	UP000660247	135184	10042
Coffea arabica	UP000515148	13443	42334
Tigriopus californicus	UP000318571	6832	15551
Amphiprion ocellaris	UP000257160	80972	23429
Emmonsia crescens	UP000226031	73230	8899
Terrapene carolina triunguis	UP000472274	2587831	21342
Aspergillus mulundensis	UP000256690	1810919	11569
Coccidioides immitis RMSCC 3703	UP000054559	454286	10420
Clohesyomyces aquaticus	UP000193144	1231657	15806
Monosporascus sp. MC13-8B	UP000292509	2211646	10637
Drosophila rhopaloa	UP000515209	1041015	15937
Wuchereria bancrofti	UP000270924	6293	13000
Oryza meyeriana var. granulata	UP000479710	110450	39309
Temnothorax curvispinosus	UP000504618	300111	15254
Tolypocladium capitatum	UP000236621	45235	7532
Paraphaeosphaeria sporulosa	UP000077069	1460663	14732
Trifolium medium	UP000265520	97028	116147
Notothenia coriiceps	UP000504611	8208	24776
Loa loa	UP000095285	7209	12152
Dermatophagoides pteronyssinus	UP000515146	6956	11190
Plasmopara halstedii	UP000054928	4781	15449
Pseudocercospora eumusae	UP000070133	321146	10939
Leiothrix lutea	UP000524007	36275	13253
Plasmodium falciparum Dd2	UP000054282	57267	5132
Rhabdornis inornatus	UP000583164	237438	14339
Crypturellus soui	UP000545332	458187	14071
Talaromyces atroroseus	UP000214365	1441469	9520
Propithecus coquereli	UP000233160	379532	17882
Aspergillus novofumigatus IBT 16806	UP000234474	1392255	11478
Leucoagaricus sp. SymC.cos	UP000070249	1714833	12747
Nyctibius bracteatus	UP000538472	48426	13937
Phaetusa simplex	UP000556165	297813	13248
Botrytis elliptica	UP000297229	278938	12555
Rutstroemia sp. NJR-2017a BBW	UP000238072	2070414	10779
Colinus virginianus	UP000198419	9014	17122
Folsomia candida	UP000198287	158441	28565
Oryza sativa Japonica Group	UP000059680	39947	43673
Aspergillus alliaceus	UP000326931	209559	13098
Brachypteracias leptosomus	UP000520535	135165	13408
Cytospora leucostoma	UP000285146	1230097	10071
Drymodes brunneopygia	UP000525319	626378	13533
Pochonia chlamydosporia 170	UP000078397	1380566	14143
Toxostoma redivivum	UP000523146	99882	14127
Pseudocercospora musae	UP000073492	113226	10380
Gigaspora rosea	UP000266673	44941	31016
Oriolus oriolus	UP000534407	181099	13920
Hortaea werneckii	UP000276864	91943	16466
Rhinopithecus roxellana	UP000233200	61622	21114
Haplochromis burtoni	UP000264840	8153	23059
Gymnodraco acuticeps	UP000515161	8218	24714
Camellia sinensis var. sinensis	UP000306102	542762	30052
Calocera cornea HHB12733	UP000076842	1353952	13076
Chroicocephalus maculipennis	UP000524558	287016	13922
Danionella translucida	UP000316079	623744	23793
Botryotinia calthae	UP000297299	38488	12263
Cylicostephanus goldi	UP000271889	71465	13786
Certhia familiaris	UP000611277	73333	13143
Hypoxylon sp. CO27-5	UP000194361	1001938	12244
Chilo suppressalis	UP000283053	168631	15558
Botryotinia narcissicola	UP000297452	278944	12236
Pelecanus crispus	UP000054150	36300	8686
Panurus biarmicus	UP000545574	181101	12783
Peronospora effusa	UP000282087	542832	8522
Chrysochloris asiatica	UP000504623	185453	19592
Crypturellus undulatus	UP000534426	48396	14020
Chara braunii	UP000265515	69332	34644
Symbiodinium sp. CCMP2456	UP000639591	1519616	32041
Trema orientale	UP000237000	63057	35798
Pedionomus torquatus	UP000565207	227192	13302
Anncaliia algerae PRA109	UP000054343	1240240	5143
Daedalea quercina L-15889	UP000076727	1314783	12169
Caulochytrium protostelioides	UP000274922	1555241	6161
Taenia asiatica	UP000282613	60517	10244
Crucibulum laeve	UP000308652	68775	14180
Gossypium laxum	UP000593574	34288	25951
Rostratula benghalensis	UP000545435	118793	14195
Monodon monoceros	UP000308365	40151	20730
Laetiporus sulphureus 93-53	UP000076871	1314785	13707
Diabrotica virgifera virgifera	UP000515147	50390	20165
Colletotrichum trifolii	UP000295703	5466	12236
Octodon degus	UP000515203	10160	20499
Artemisia annua	UP000245207	35608	62376
Synchytrium microbalum	UP000319731	1806994	6304
Phytophthora palmivora var. palmivora	UP000237271	611791	24468
Trichinella patagoniensis	UP000054783	990121	14635
Vespula pensylvanica	UP000600918	30213	18484
Batrachochytrium salamandrivorans	UP000189906	1357716	10107
Camellia sinensis	UP000593564	4442	32310
Carassius auratus	UP000515129	7957	51383
Acanthocheilonema viteae	UP000276991	6277	10007
Naematelia encephala	UP000193986	71784	7963
Crotophaga sulcirostris	UP000549499	33598	13847
Rhizoctonia solani AG-1 IB	UP000059188	1108050	12613
Scenedesmus sp. NREL 46B-D3	UP000588193	2650976	17318
Chloropicon primus	UP000316726	1764295	8606
Cettia cetti	UP000524451	68486	14828
Golovinomyces cichoracearum	UP000283383	62708	6757
Cyberlindnera jadinii NRRL Y-1542	UP000094389	983966	5994
Trichinella sp. T6	UP000054673	92179	14632
Onychostoma macrolepis	UP000579812	369639	24720
Cinnamomum micranthum f. kanehirae	UP000283530	337451	26414
Sapayoa aenigma	UP000589485	239371	13839
Aspergillus saccharolyticus JOP 1030-1	UP000248349	1450539	10061
Rutstroemia sp. NJR-2017a WRK4	UP000238813	2070412	10520
Onchocerca ochengi	UP000271087	42157	13353
Meira miltonrushii	UP000245771	1280837	7452
Cisticola juncidis	UP000546986	52622	13372
Ceuthmochares aereus	UP000519239	1961834	12202
Gymnorhina tibicen	UP000579941	9132	14291
Planoprotostelium fungivorum	UP000241769	1890364	16856
Cynara cardunculus var. scolymus	UP000243975	59895	26434
Formicarius rufipectus	UP000520463	1118560	13577
Diaporthe helianthi	UP000094444	158607	13137
Odobenus rosmarus divergens	UP000245340	9708	19331
Alligator sinensis	UP000189705	38654	19111
Caloenas nicobarica	UP000546235	187106	14055
Vespula germanica	UP000617340	30212	17178
Striga asiatica	UP000325081	4170	33322
Adineta steineri	UP000663832	433720	57739
Malassezia vespertilionis	UP000232875	2020962	3791
Rhynchophorus ferrugineus	UP000625711	354439	22855
Penaeus vannamei	UP000283509	6689	25399
Coptotermes formosanus	UP000502823	36987	12806
Saitozyma podzolica	UP000279259	1890683	10205
Pochonia chlamydosporia 123	UP000289413	1052797	11960
Talaromyces rugulosus	UP000509510	121627	11830
Acaromyces ingoldii	UP000245768	215250	8019
Dinoponera quadriceps	UP000515204	609295	11037
Pieris macdunnoughi	UP000663880	345717	16581
Rhizophagus irregularis	UP000234323	588596	25730
Corynespora cassiicola Philippines	UP000240883	1448308	17125
Strongylus vulgaris	UP000270094	40348	20844
Alternaria sp. MG1	UP000266453	1678846	4966
Coniochaeta ligniaria NRRL 30616	UP000182658	1408157	13658
Lentinus tigrinus ALCF2SS1-6	UP000313359	1328759	15504
Lachancea fermentati	UP000190831	4955	5229
Clonorchis sinensis	UP000286415	79923	14505
Fusarium sp. AF-8	UP000288168	1325734	16262
Alectura lathami	UP000562322	81907	13377
Eubucco bourcierii	UP000583613	91767	14131
[Candida] auris	UP000230249	498019	5409
Lactuca saligna	UP000509530	75948	41650
Eolophus roseicapilla	UP000637704	176039	13310
Synchytrium endobioticum	UP000317494	286115	7895
Thalictrum thalictroides	UP000554482	46969	33511
Nycticryphes semicollaris	UP000586634	227226	14293
Pomacea canaliculata	UP000245119	400727	21377
Brugia pahangi	UP000278627	6280	14545
Litomosoides sigmodontis	UP000277928	42156	9894
Prunus yedoensis var. nudiflora	UP000250321	2094558	40375
Rodentolepis nana	UP000278807	102285	13592
Cryomyces minteri	UP000308768	331657	13291
Jimgerdemannia flammicorona	UP000268093	994334	13120
Tilletia controversa	UP000077684	13291	9854
Capra hircus	UP000291000	9925	21150
Piromyces finnis	UP000193719	1754191	10768
Fasciola hepatica	UP000230066	6192	11190
Tilletiopsis washingtonensis	UP000245946	58919	7005
Pseudogymnoascus sp. 23342-1-I1	UP000091879	1524831	10680
Salix dunnii	UP000657918	1413687	29716
Picea glauca	UP000242691	3330	6155
Irena cyanogastra	UP000530962	175120	14199
Schistosoma margrebowiei	UP000277204	48269	25527
Lipotes vexillifer	UP000265300	118797	18848
Brachionus plicatilis	UP000276133	10195	52211
Arenaria interpres	UP000541811	54971	13845
Aspergillus wentii DTO 134E9	UP000184383	1073089	12389
Bombus vosnesenskii	UP000504631	207650	10990
Monosporascus sp. MG133	UP000293831	2211645	11566
Pseudomicrostroma glucosiphilum	UP000245942	1684307	6679
Aphis glycines	UP000475862	307491	18358
Fusarium oxysporum f. sp. radicis-cucumerinum	UP000219602	327505	16567
Porphyridium purpureum	UP000324585	35688	9673
Gracilariopsis chorda	UP000247409	448386	10593
Aspergillus violaceofuscus CBS 115571	UP000249829	1450538	12074
Hyaloscypha hepaticicola	UP000235672	2082293	16778
Rhodotorula sp. CCFEE 5036	UP000310668	1965284	6416
Perca fluviatilis	UP000465112	8168	24246
Penicillium polonicum	UP000191408	60169	10627
Monosporascus sp. CRB-8-3	UP000292472	2211644	11773
Cercocebus atys	UP000233060	9531	20883
Diachasma alloeum	UP000297026	454923	428
Cinara cedri	UP000325440	506608	16923
Elachura formosa	UP000623542	1463973	13998
Alternaria alternata	UP000077248	5599	13463
Cannabis sativa	UP000583929	3483	30194
Smithornis capensis	UP000567624	363769	13835
Ciconia maguari	UP000537039	52777	13285
Trichoderma harzianum CBS 226.95	UP000241690	983964	14048
Ophiocordyceps camponoti-saundersi (nom. inval.)	UP000253071	2039874	6872
Absidia repens	UP000193560	90262	14767
Capsicum chinense	UP000224522	80379	34757
Orchesella cincta	UP000094527	48709	20218
Podila verticillata NRRL 6337	UP000243308	1069443	1503
Aspergillus heteromorphus CBS 117.55	UP000247233	1448321	10837
Kalanchoe fedtschenkoi	UP000594263	63787	30817
Cephalopterus ornatus	UP000543364	114276	13893
Batrachochytrium dendrobatidis JEL423	UP000077115	403673	8580
Gongylonema pulchrum	UP000271098	637853	26895
Beauveria bassiana	UP000235728	176275	10656
Bremia lactucae	UP000294530	4779	9237
Gossypium lobatum	UP000593572	34289	28108
Psilocybe cyanescens	UP000283269	93625	15931
Drechmeria coniospora	UP000076580	98403	8231
Babjeviella inositovora NRRL Y-12698	UP000094336	984486	6393
Sylvia atricapilla	UP000573818	48155	13252
Tribonema minus	UP000664859	303371	18071
Mikania micrantha	UP000326396	192012	45070
Ramazzottius varieornatus	UP000186922	947166	22940
Carlito syrichta	UP000189704	1868482	19962
Edaphochlamys debaryana	UP000612055	47281	19103
Dorcoceras hygrometricum	UP000250235	472368	45898
Aspergillus brasiliensis CBS 101740	UP000184499	767769	12981
Gossypium armourianum	UP000593575	34283	23385
Pseudoatta argentina	UP000668214	621737	9266
Porphyra umbilicalis	UP000218209	2786	13291
Rachicladosporium antarcticum	UP000192596	1507870	18598
Rotaria sp. Silwood1	UP000663835	2762511	64454
Edolisoma coerulescens	UP000526889	2585810	13645
Horornis vulcanius	UP000558460	2585811	9840
Myiagra hebetior	UP000534930	381031	13880
Aspergillus sydowii CBS 593.65	UP000184356	1036612	13568
Ophiocordyceps camponoti-rufipedis	UP000226431	2004952	7618
Psophia crepitans	UP000587472	54359	13853
Venturia nashicola	UP000298493	86259	11754
Lamprigera yunnana	UP000580559	370605	19398
Pachysolen tannophilus NRRL Y-2460	UP000094236	669874	5643
Quiscalus mexicanus	UP000552319	64278	13590
Pythium brassicum	UP000323770	1485010	12998
Fregetta grallaria	UP000563060	79628	13503
Atta colombica	UP000078540	520822	14143
Tolypocladium paradoxum	UP000237481	94208	8912
Golovinomyces magnicellulatus	UP000320725	62714	8170
Dibothriocephalus latus	UP000281553	60516	19927
Aphanomyces stellatus	UP000332933	120398	20738
Gonapodya prolifera JEL478	UP000070544	1344416	13797
Chiloscyllium punctatum	UP000287033	137246	33497
Erysiphe pulchra	UP000237438	225359	6853
Athene cunicularia	UP000472269	194338	13825
Digitaria exilis	UP000636709	1010633	60043
Chenopodium quinoa	UP000596660	63459	33949
Leucopsar rothschildi	UP000522331	127929	13433
Poecilia reticulata	UP000242638	8081	22853
Aspergillus ellipticus CBS 707.79	UP000247810	1448320	12861
Helicocarpus griseus UAMH5409	UP000223968	1447875	10216
Pseudo-nitzschia multistriata	UP000291116	183589	11763
Scophthalmus maximus	UP000246464	52904	21114
Amphibalanus amphitrite	UP000440578	1232801	24795
Geotrypetes seraphini	UP000515159	260995	19038
Araneus ventricosus	UP000499080	182803	246042
Eremomyces bilateralis CBS 781.70	UP000504638	1392243	9854
Piloderma croceum F 1598	UP000054166	765440	21351
Rhizopus microsporus	UP000242381	58291	11322
Rhodotorula sp. JG-1b	UP000062823	1305733	6678
Bondarzewia mesenterica	UP000310158	1095465	10514
Colletotrichum orchidophilum	UP000176998	1209926	14495
Cercospora berteroae	UP000237631	357750	11903
Centropus unirufus	UP000517892	1118519	13993
Phytophthora rubi	UP000434957	129364	35064
Microdochium bolleyi	UP000070501	196109	13164
Plasmodium falciparum RAJ116	UP000054566	580058	3203
Muntiacus reevesi	UP000326062	9886	25423
Microcaecilia unicolor	UP000515156	1415580	20580
Metschnikowia aff. pulcherrima	UP000292447	2163413	5795
Trifolium pratense	UP000236291	57577	58053
Anaeromyces robustus	UP000193944	1754192	12656
Coemansia reversa NRRL 1564	UP000242474	763665	7317
Rotaria magnacalcarata	UP000663866	392030	50838
Chionis minor	UP000557271	227182	14280
Malurus elegans	UP000564407	720584	14016
Kwoniella dejecticola CBS 10117	UP000078595	1296121	8600
Tubulinosema ratisbonensis	UP000282876	291195	2996
Gulo gulo	UP000269945	48420	23
Amphiprion percula	UP000265080	161767	23736
Spizella passerina	UP000618746	40210	9048
Echinostoma caproni	UP000272942	27848	18535
Aspergillus calidoustus	UP000054771	454130	15115
Xylona heveae TC161	UP000076632	1328760	8201
Punica granatum	UP000233551	22663	50426
Pardalotus punctatus	UP000570592	254575	13660
Bos indicus x Bos taurus	UP000314981	30522	21408
Fusarium oxysporum	UP000286305	5507	17790
Polarella glacialis	UP000654075	89957	55419
Tripterygium wilfordii	UP000593562	458696	27709
Sistotremastrum niveocremeum HHB9708	UP000076722	1314777	13030
Sugiyamaella lignohabitans	UP000189580	796027	5131
Dicaeum eximium	UP000523279	667154	13622
Trogon melanurus	UP000550660	56311	14123
Gymnopilus dilepis	UP000284706	231916	16218
Thelazia callipaeda	UP000276776	103827	10885
Scaptodrosophila lebanonensis	UP000504634	7225	13342
Anabas testudineus	UP000265040	64144	23202
Chlamydomonas schloesseri	UP000613740	2026947	15419
Penicillium arizonense	UP000177622	1835702	12121
Smittium simulii	UP000245383	133385	6456
Wallemia mellicola	UP000310685	1708541	4289
Scytalidium lignicola	UP000258309	5539	12794
Eudromia elegans	UP000533954	8805	13636
Aspergillus awamori	UP000286921	105351	11139
Tetrabaena socialis	UP000236333	47790	14121
Urocolius indicus	UP000654395	458196	14054
Vulpes vulpes	UP000286640	9627	19320
Penicilliopsis zonata CBS 506.65	UP000184188	1073090	9869
Gopherus agassizii	UP000291020	38772	20096
Leptotrombidium deliense	UP000288716	299467	14651
Pichia membranifaciens	UP000186136	4926	4160
Pachycephala philippinensis	UP000570547	449367	13318
Neophocaena asiaeorientalis asiaeorientalis	UP000252040	1706337	18229
Kockovaella imperatae	UP000193218	4999	7388
Musa balbisiana	UP000317650	52838	32103
Apis cerana cerana	UP000242457	94128	9931
Emergomyces pasteurianus Ep9510	UP000182235	1447872	8944
Hamiltosporidium tvaerminnensis	UP000292282	1176355	5820
Bursaphelenchus okinawaensis	UP000614601	465554	14486
Callipepla squamata	UP000198323	9009	16973
Varroa destructor	UP000594260	109461	10202
Jacana jacana	UP000550086	54508	13209
Nothocercus julius	UP000531559	2585813	13353
Paecilomyces variotii	UP000283841	264951	9264
Rotaria socialis	UP000663873	392032	49356
Parasitella parasitica	UP000054107	35722	13357
Frankliniella occidentalis	UP000504606	133901	15639
Wickerhamiella sorbophila	UP000238350	45607	4707
Enterocytozoon hepatopenaei	UP000192758	646526	2431
Symbiodinium pilosum	UP000649617	2952	23427
Tremella mesenterica DSM 1558	UP000054539	578456	1453
Mesembrinibis cayennensis	UP000574277	1118748	13857
Schistosoma bovis	UP000290809	6184	11348
Sarcoptes scabiei	UP000070412	52283	10470
Pitta sordida	UP000633448	9163	13848
Zosterops hypoxanthus	UP000549157	2485327	13698
Chaetops frenatus	UP000563107	221966	13217
Sclerurus mexicanus	UP000588334	265632	14009
Macaca fascicularis	UP000233100	9541	23283
Pocillopora damicornis	UP000275408	46731	25411
Fomitopsis rosea	UP000298390	34475	11196
Cyprinodon variegatus	UP000265020	28743	22943
Polyporus arcularius HHB13444	UP000308197	1314778	17466
Anopheles stephensi	UP000076408	30069	11765
Aspergillus uvarum CBS 121591	UP000248340	1448315	12014
Burhinus bistriatus	UP000574691	240201	13960
Rosa chinensis	UP000238479	74649	45026
Psilopogon haemacephalus	UP000574528	2585815	13526
Perkinsus olseni	UP000553632	32597	33082
Fistulifera solaris	UP000198406	1519565	20304
Catharus fuscescens	UP000519684	159581	13906
Alaudala cheleensis	UP000571582	670337	14234
Plasmodium ovale wallikeri	UP000078555	864142	8410
Rousettus aegyptiacus	UP000593571	9407	21287
Pomatostomus ruficeps	UP000583496	9176	13287
Molossus molossus	UP000550707	27622	20194
Pseudogymnoascus sp. WSF 3629	UP000091997	1622147	11000
Salix brachista	UP000326939	2182728	29803
Micractinium conductrix	UP000239649	554055	9122
Candida viswanathii	UP000253472	5486	10576
Tulasnella calospora MUT 4182	UP000054248	1051891	19349
Penicillium coprophilum	UP000191500	36646	8993
Cordyceps javanica	UP000315783	43265	11436
Ustilago trichophora	UP000324022	86804	13002
Atlantisia rogersi	UP000518911	2478892	13649
Stentor coeruleus	UP000187209	5963	30969
Pteruthius melanotis	UP000603297	357074	11955
Manihot esculenta	UP000091857	3983	32649
[Candida] pseudohaemulonii	UP000241107	418784	5132
Symbiodinium natans	UP000604046	878477	34950
Testicularia cyperi	UP000246740	1882483	7036
Angiostrongylus costaricensis	UP000267027	334426	13350
Ceratitis capitata	UP000606786	7213	18695
Syncephalis pseudoplumigaleata	UP000278143	1712513	5997
Callorhinus ursinus	UP000286641	34884	20338
Apostasia shenzhenica	UP000236161	1088818	21679
Apium graveolens	UP000593563	4045	1619
Wallemia hederae	UP000310189	1540922	4107
Gossypium australe	UP000325315	47621	34514
Vidua chalybeata	UP000634236	81927	14570
Penicillium antarcticum	UP000191672	416450	11372
Talaromyces islandicus	UP000054383	28573	9927
Tricholaema leucomelas	UP000627253	240729	14305
Ifrita kowaldi	UP000542689	461245	14004
Penicillium nalgiovense	UP000191691	60175	11728
Colletotrichum chlorophyti	UP000186583	708187	10302
Oreotrochilus melanogaster	UP000579904	689266	12132
Erinaceus europaeus	UP000079721	9365	19245
Trichoderma longibrachiatum ATCC 18648	UP000240760	983965	10929
Dipodomys ordii	UP000081671	10020	19728
Diplodia corticola	UP000183809	236234	10836
Akanthomyces lecanii	UP000243081	2714763	8125
Piprites chloris	UP000520962	114369	14125
Penicillium decumbens	UP000191522	69771	7144
Vigna angularis var. angularis	UP000291084	157739	30270
Chaetorhynchus papuensis	UP000541605	254446	14303
Blastomyces percursus	UP000242791	1658174	10283
Nesospiza acunhae	UP000549091	381881	14047
Aegithalos caudatus	UP000628412	73327	13234
Choiromyces venosus 120613-1	UP000276215	1336337	17720
Syrrhaptes paradoxus	UP000536260	302527	13505
Aspergillus bertholletiae	UP000326198	1226010	12944
Colletotrichum salicis	UP000070121	1209931	13783
Rhodotorula taiwanensis	UP000237144	741276	7012
Galbula dea	UP000566440	1109041	14637
Anas platyrhynchos	UP000296049	8839	16574
Dracunculus medinensis	UP000274756	318479	10868
Himantopus himantopus	UP000571567	225398	14268
Ceratobasidium theobromae	UP000383932	1582974	9256
Ploceus nigricollis	UP000539920	441696	13506
Betta splendens	UP000515150	158456	23362
Trypanosoma conorhini	UP000284403	83891	10134
Neocallimastix californiae	UP000193920	1754190	19950
Aspergillus tubingensis CBS 134.48	UP000184304	767770	12318
Halicephalobus sp. NKZ332	UP000488831	2598192	10967
Paramicrosporidium saccamoebae	UP000240830	1246581	3754
Penicillium solitum	UP000191612	60172	11867
Trametes pubescens	UP000184267	154538	14147
Spizaetus tyrannus	UP000519115	252798	14343
Aspergillus homomorphus CBS 101889	UP000248961	1450537	11360
Eufriesea mexicana	UP000250275	516756	7068
Ectocarpus sp. CCAP 1310/34	UP000485383	867726	25329
Puccinia graminis f. sp. tritici	UP000324748	56615	34829
Hucho hucho	UP000314982	62062	49277
Ceraceosorus bombacis	UP000054845	401625	8017
Phytophthora cactorum	UP000251314	29920	23095
Armillaria solidipes	UP000218334	1076256	20715
Cynoglossus semilaevis	UP000265120	244447	21333
Erpornis zantholeuca	UP000545329	1112836	13291
Fusarium sp. AF-4	UP000287144	1325735	17739
Sphaerobolus stellatus SS14	UP000054279	990650	24605
Sitophilus oryzae	UP000504635	7048	14660
Prunus avium	UP000515124	42229	25598
Zygosaccharomyces mellis	UP000301737	42258	4735
Lactuca sativa	UP000235145	4236	37926
Gossypium davidsonii	UP000593561	34287	29885
Pseudomassariella vexata	UP000193689	1141098	12557
Phialemoniopsis curvata	UP000319257	1093900	12104
Trichogramma brassicae	UP000479190	86971	16797
Colletotrichum incanum	UP000076584	1573173	12795
Sylvia borin	UP000538515	73324	13496
Mastacembelus armatus	UP000261640	205130	22295
Thrips palmi	UP000515158	161013	14300
Tuber magnatum	UP000246991	42249	9390
Marchantia polymorpha subsp. ruderalis	UP000077202	1480154	17951
Melanocharis versteri	UP000538725	254552	13955
Monoraphidium neglectum	UP000054498	145388	16738
Salmo salar	UP000087266	8030	47787
Aspergillus sp. HF37	UP000272442	1960876	8895
Heliothis virescens	UP000218220	7102	14951
Schistocephalus solidus	UP000275846	70667	20172
Quercus lobata	UP000594261	97700	38593
Fusarium flagelliforme	UP000265631	2675880	13039
Baryphthengus martii	UP000578343	176943	13377
Rhizopus microsporus ATCC 52813	UP000242254	1340429	10802
Aspergillus arachidicola	UP000231358	656916	12090
Thinocorus orbignyianus	UP000565698	161742	14037
Trichinella papuae	UP000054843	268474	11419
Conidiobolus coronatus NRRL 28638	UP000070444	796925	10563
Pyrenophora tritici-repentis	UP000248883	45151	10880
Diaphorina citri	UP000079169	121845	19805
Acromyrmex heyeri	UP000670152	230685	9100
Poecile atricapillus	UP000540071	48891	14163
Puccinia striiformis f. sp. tritici PST-78	UP000054564	1165861	19368
Tuber borchii	UP000244722	42251	12324
Hortaea thailandica	UP000308549	706561	8771
Triticum turgidum subsp. durum	UP000324705	4567	62645
Populus alba	UP000309997	43335	32718
Trichinella spiralis	UP000054776	6334	14258
Lithobates catesbeianus	UP000228934	8400	22112
Jaminaea rosea	UP000245884	1569628	6858
Citrus unshiu	UP000236630	55188	28786
Trichechus manatus latirostris	UP000248480	127582	19079
Opisthorchis felineus	UP000308267	147828	11402
Phialocephala subalpina	UP000184330	576137	20170
Diplodia seriata	UP000190776	420778	8038
Prunus armeniaca	UP000507245	36596	30031
Cyphomyrmex costatus	UP000078542	456900	15716
Liparis tanakae	UP000314294	230148	68148
Pyrrhoderma noxium	UP000217199	2282107	9911
Fusarium sp. AF-6	UP000287544	1325737	15273
Elysia chlorotica	UP000271974	188477	23836
Pomatorhinus ruficollis	UP000572837	932028	12947
Sparganum proliferum	UP000422442	64606	22389
Chloroceryle aenea	UP000579406	176938	12192
Momordica charantia	UP000504603	3673	19393
Bombycilla garrulus	UP000532545	125297	13775
Trifolium subterraneum	UP000242715	3900	959
Coprinopsis marcescibilis	UP000307440	230819	14526
Pterula gracilis	UP000305067	1884261	12852
Cyanidiococcus yangmingshanensis	UP000530660	2690220	5170
Sistotremastrum suecicum HHB10207 ss-3	UP000076798	1314776	13630
Cervus elaphus hippelaphus	UP000242450	46360	19226
Polytolypa hystricis UAMH7299	UP000224634	1447883	9934
Acipenser ruthenus	UP000289886	7906	22004
Amphiamblys sp. WSBS2006	UP000182028	1866961	3608
Macrostomum lignano	UP000215902	282301	43466
Microbotryum intermedium	UP000198372	269621	8013
Rhizoclosmatium globosum	UP000193642	329046	16725
Gossypium klotzschianum	UP000593573	34286	29715
Probosciger aterrimus	UP000562415	141839	13967
Serendipita vermifera MAFF 305830	UP000054097	933852	15010
Smittium megazygosporum	UP000245609	133381	6835
Sepia pharaonis	UP000597762	158019	51538
Sterrhoptilus dennistouni	UP000572325	2585820	13232
Hypocryptadius cinnamomeus	UP000574191	589841	12372
Geococcyx californianus	UP000531151	8947	13463
Tropilaelaps mercedesae	UP000192247	418985	14272
Suricata suricatta	UP000472268	37032	19357
Pycnonotus jocosus	UP000535705	182897	13881
Sinosuthora webbiana	UP000580691	337173	14232
Zymoseptoria tritici ST99CH_3D7	UP000215127	1276538	11722
Cinclus mexicanus	UP000590623	161649	13465
Ardeotis kori	UP000560386	89386	13689
Ranitomeya imitator	UP000663875	111125	51967
Xylaria grammica	UP000286045	363999	12125
Oidium neolycopersici	UP000286134	212602	6847
Cryptococcus amylolentus CBS 6039	UP000094065	1295533	8246
Amanita muscaria Koide BX008	UP000054549	946122	17947
Hymenolepis diminuta	UP000274504	6216	11237
Xylaria multiplex	UP000481858	323545	10963
Daphnia magna	UP000076858	35525	26599
Trichoderma gamsii	UP000054821	398673	11178
Pseudocohnilembus persalinus	UP000054937	266149	13175
Drosophila albomicans	UP000515160	7291	13496
Torulaspora sp. CBS 2947	UP000510647	2792677	4924
Didymodactylos carnosus	UP000663829	1234261	46721
Chloebia gouldiae	UP000276834	44316	18273
Vicugna pacos	UP000504605	30538	19468
Symbiodinium sp. CCMP2592	UP000643038	631055	43934
Ascodesmis nigricans	UP000298138	341454	9617
Drosophila guanche	UP000268350	7266	13413
Fibularhizoctonia sp. CBS 109695	UP000076532	436010	31934
Stegodyphus mimosarum	UP000054359	407821	27006
Daldinia sp. EC12	UP000243732	1001832	11156
Aspergillus minisclerotigenes	UP000326289	656917	13415
Salmo trutta	UP000472277	8032	43230
Cladophialophora immunda	UP000054466	569365	12829
Morchella conica CCBAS932	UP000277580	1392247	11577
Aspergillus carbonarius ITEM 5010	UP000188318	602072	11034
Trametes versicolor FP-101664 SS1	UP000054317	717944	1022
Armillaria gallica	UP000217790	47427	25522
Salvia splendens	UP000298416	180675	52672
Scopus umbretta	UP000539032	33581	12270
Trichinella sp. T8	UP000054924	92180	14641
Purpureocillium lilacinum	UP000078340	33203	11750
Suillus luteus UH-Slu-Lm8-n1	UP000054485	930992	18271
Regulus satrapa	UP000529728	13245	12984
Thecamonas trahens ATCC 50062	UP000054408	461836	10533
Dichanthelium oligosanthes	UP000095767	888268	26451
Ameiurus melas	UP000593565	219545	24332
Perkinsus sp. BL_2016	UP000298064	2494336	691
Actinia tenebrosa	UP000515163	6105	19928
Aphidius gifuensis	UP000639338	684658	11457
Smittium culicis	UP000187283	133412	10832
Vombatus ursinus	UP000314987	29139	19870
Callaeas wilsoni	UP000576729	1347786	14554
Babesia sp. Xinjiang	UP000193856	462227	2856
Hibiscus syriacus	UP000436088	106335	82460
Diversispora epigaea	UP000266861	1348612	28108
Phtheirospermum japonicum	UP000653305	374723	30032
Lachnellula willkommii	UP000315522	215461	8978
Sousa chinensis	UP000295264	103600	8382
Stylophora pistillata	UP000225706	50429	24067
Schistosoma haematobium	UP000471633	6185	8963
Corythaeola cristata	UP000621168	103954	11501
Cajanus cajan	UP000075243	3821	47180
Verticillium nonalfalfae	UP000267145	1051616	9427
Phytophthora megakarya	UP000198211	4795	34747
Neolamprologus brichardi	UP000261580	32507	23550
Campylorhamphus procurvoides	UP000614027	190295	14067
Aspergillus steynii IBT 23096	UP000234275	1392250	12963
Choanephora cucurbitarum	UP000093000	101091	11924
Sagittarius serpentarius	UP000539599	56258	12811
Diploscapter pachys	UP000218231	2018661	27206
Oreochromis aureus	UP000472276	47969	24412
Clupea harengus	UP000515152	7950	24170
Rhadina sibilatrix	UP000587697	2585818	13615
Asbolus verrucosus	UP000292052	1661398	15225
Acrocephalus arundinaceus	UP000549775	39621	13628
Dromas ardeola	UP000586671	458190	13881
Leptocoma aspasia	UP000558164	2585812	13699
Podargus strigoides	UP000584326	8905	13990
Cebus imitator	UP000233040	2715852	20234
Hericium alpestre	UP000298061	135208	11000
Maylandia zebra	UP000265160	106582	26988
Bugula neritina	UP000593567	10212	25017
Chanos chanos	UP000504632	29144	23048
Mesocestoides corti	UP000267029	53468	10572
Capsicum baccatum	UP000224567	33114	35641
Alca torda	UP000536033	28689	13958
Monosporascus ibericus	UP000293360	155417	11059
Piromyces sp. E2	UP000195826	73868	14606
Pantherophis guttatus	UP000515157	94885	19712
Lophotis ruficrista	UP000533896	172689	13899
Apiotrichum porosum	UP000279236	105984	9145
Nesidiocoris tenuis	UP000479000	355587	23052
Nematocida displodere	UP000185944	1805483	2241
Chunga burmeisteri	UP000541181	1352770	14396
Anseranas semipalmata	UP000567872	8851	14206
Cuscuta campestris	UP000595140	132261	44734
Fregata magnificens	UP000632118	37042	13159
Aramus guarauna	UP000567570	54356	14274
Prunus dulcis	UP000327085	3755	27410
Oceanodroma tethys	UP000527232	79633	13990
Metschnikowia bicuspidata	UP000268321	27322	4707
Asparagus officinalis	UP000243459	4686	24059
Urocynchramus pylzowi	UP000524542	571890	13671
Spodoptera litura	UP000301870	69820	283
Rhinopomastus cyanomelas	UP000565785	113115	14764
Epicoccum nigrum	UP000193240	105696	12021
Labrus bergylta	UP000261660	56723	26930
Puccinia striiformis	UP000239156	27350	14973
Rhegmatorhina hoffmannsi	UP000537927	468512	12330
Meyerozyma sp. JA9	UP000286412	2028340	5012
Malus domestica	UP000290289	3750	42388
Dimorphilus gyrociliatus	UP000549394	2664684	14044
Peltaster fructicola	UP000503462	286661	8072
Phascolarctos cinereus	UP000515140	38626	19887
Emergomyces africanus	UP000091918	1955775	8745
Columbina picui	UP000530263	115618	12280
Fusarium sporotrichioides	UP000266152	5514	11960
Pseudogymnoascus sp. 05NY08	UP000092096	1622149	10300
Helianthus annuus	UP000215914	4232	51240
Leptidea sinapis	UP000324832	189913	15443
Bambusicola thoracicus	UP000237246	9083	17669
Monosporascus sp. mg162	UP000292795	1081914	11877
Bucco capensis	UP000534107	135168	14383
Dinothrombium tinctorium	UP000285301	1965070	13518
Rhinolophus ferrumequinum	UP000472240	59479	19444
Lamprotornis superbus	UP000618051	245042	14247
Cyberlindnera fabianii	UP000189513	36022	5507
Diceros bicornis minor	UP000551758	77932	19602
Ramphastos sulfuratus	UP000611227	322582	14017
Tursiops truncatus	UP000245320	9739	19120
Caligus rogercresseyi	UP000595437	217165	18197
Nadsonia fulvescens var. elongata DSM 6958	UP000095009	857566	5635
Pterocles burchelli	UP000522270	2585816	13839
Sesamum indicum	UP000504604	4182	21269
Carpinus fangiana	UP000327013	176857	27308
Lomentospora prolificans	UP000233524	41688	8533
Botrytis porri	UP000297280	87229	11857
Hevea brasiliensis	UP000467840	3981	43024
Polioptila caerulea	UP000573697	66707	13534
Intoshia linei	UP000078046	1819745	8720
Ceraceosorus guamensis	UP000245783	1522189	7822
Fusarium culmorum	UP000241587	5516	12360
Aspergillus avenaceus	UP000325780	36643	11290
Symbiodinium sp. KB8	UP000654275	230985	42645
Pandion haliaetus	UP000580171	56262	12585
Fusarium graminearum PH-1	UP000070720	229533	14162
Balaenoptera acutorostrata scammoni	UP000261681	310752	18711
Rhizopogon vesiculosus	UP000183567	180088	14140
Enhydra lutris kenyoni	UP000248482	391180	19196
Klebsormidium nitens	UP000054558	105231	16171
Sakesphorus luctuosus	UP000558958	419690	14098
Pycnococcus provasolii	UP000660262	41880	11262
Amazona guildingii	UP000531168	175529	14181
Endogone sp. FLAS-F59071	UP000278417	2340872	9193
Giardia muris	UP000315496	5742	4560
Machaerirhynchus nigripectus	UP000574967	1160894	13938
Penicillium griseofulvum	UP000070168	5078	9628
Portunus trituberculatus	UP000324222	210409	99293
Brachionus calyciflorus	UP000663879	104777	23528
Valsa malicola	UP000283895	356882	10560
Aspergillus welwitschiae	UP000253729	1341132	13680
Mucor lusitanicus CBS 277.49	UP000077051	747725	11584
Durio zibethinus	UP000515121	66656	35616
Cucumis melo	UP000089565	3656	19526
Atrichornis clamosus	UP000658642	449594	14584
Paulinella micropora	UP000503178	1928728	897
Lachancea lanzarotensis	UP000054304	1245769	5055
Coregonus sp. 'balchen'	UP000502089	861768	41641
Metschnikowia sp. JCM 33374	UP000319698	2562755	6652
Clytia hemisphaerica	UP000594262	252671	19013
Phasianus colchicus	UP000472261	9054	15705
Phytophthora infestans	UP000602510	4787	19701
Pisolithus tinctorius Marx 270	UP000054217	870435	22400
Patagioenas fasciata monilis	UP000190648	372326	19485
Lanius ludovicianus	UP000547499	28713	13675
Agrilus planipennis	UP000192223	224129	13040
Colletotrichum shisoi	UP000326340	2078593	11847
Chaetothyriales sp. CBS 132003	UP000281228	2249419	5726
Trametes coccinea BRFM310	UP000193067	1353009	12647
Myripristis murdjan	UP000472263	586833	23967
Amorphotheca resinae ATCC 22711	UP000241818	857342	9640
Tilletia walkeri	UP000078113	117179	7968
Penicillium flavigenum	UP000191342	254877	10875
Bicyclus anynana	UP000504620	110368	14375
Tichodroma muraria	UP000629438	237442	11478
Fusarium poae	UP000091967	36050	14048
Ramularia collo-cygni	UP000225277	112498	11501
Xylaria flabelliformis	UP000319160	2512241	11403
Rhizopogon vinicolor AM-OR11-026	UP000092154	1314800	14447
Thamnocephalis sphaerospora	UP000271241	78915	6769
Exidia glandulosa HHB12029	UP000077266	1314781	26305
Setaria viridis	UP000298652	4556	38120
Penelope pileata	UP000613066	1118817	13915
Plasmodium relictum	UP000220158	85471	5136
Pipra filicauda	UP000504627	649802	16230
Prunella fulvescens	UP000553798	670355	13347
Aspergillus sclerotioniger CBS 115572	UP000246702	1450535	12304
Emberiza fucata	UP000580681	337179	13193
Takifugu flavidus	UP000324091	433684	29076
Phytophthora kernoviae	UP000285624	325452	9833
Trachymyrmex septentrionalis	UP000078541	34720	15167
Xiphorhynchus elegans	UP000551443	269412	13517
Nicotiana tabacum	UP000084051	4097	61678
Aspergillus turcosus	UP000215289	1245748	9174
Caenorhabditis nigoni	UP000230233	1611254	28846
Sphaerosporella brunnea	UP000326924	1250544	12382
Linnemannia elongata AG-77	UP000078512	1314771	14847
Nicotiana sylvestris	UP000189701	4096	33720
Climacteris rufus	UP000580879	47695	14074
Venturia effusa	UP000316270	50376	10819
Rhizophagus sp. MUCL 43196	UP000263633	1803374	22984
Salarias fasciatus	UP000472267	181472	24694
Blumeria hordei	UP000275772	2867405	5276
Parasponia andersonii	UP000237105	3476	37178
Chlamydomonas eustigma	UP000232323	1157962	14046
Spathaspora sp. JA1	UP000285775	2028339	5246
Leucosporidium creatinivorum	UP000193467	106004	9828
Sporothrix insectorum RCEF 264	UP000076874	1081102	9495
Coniochaeta sp. 2T2.1	UP000325492	1571157	24540
Collichthys lucidus	UP000298787	240159	27208
Dasyornis broadbenti	UP000521322	243059	14364
Microbotryum silenes-dioicae	UP000249464	796604	12674
Hirundo rustica	UP000585317	43150	14412
Colocasia esculenta	UP000652761	4460	56183
Peniophora sp. CBMAI 1063	UP000365756	718367	17197
Alopecoenas beccarii	UP000541332	262131	14573
Cryptococcus depauperatus CBS 7841	UP000094043	1295531	6530
Nicotiana attenuata	UP000187609	49451	32839
Falcunculus frontatus	UP000534626	254539	14436
Triplophysa tibetana	UP000324632	1572043	23866
Indicator maculatus	UP000557230	545262	13941
Ascochyta rabiei	UP000076837	5454	10558
Trichinella nativa	UP000054721	6335	13202
Lingula anatina	UP000085678	7574	26679
Oreocharis arfaki	UP000542358	979223	13980
Salix suchowensis	UP000664337	1278906	35776
Grallaria varia	UP000591535	117165	13896
Besnoitia besnoiti	UP000224006	94643	8036
Aphelocoma coerulescens	UP000575874	39617	14551
Trichinella nelsoni	UP000054630	6336	13005
Dromaius novaehollandiae	UP000543287	8790	13744
Brachypodius atriceps	UP000540762	182895	12859
Rhizophagus clarus	UP000247702	94130	27454
Elaeis guineensis	UP000504607	51953	24292
Panicum miliaceum	UP000275267	4540	55732
Aegotheles bennettii	UP000559068	48278	13683
Pheucticus melanocephalus	UP000578259	371919	12775
Austrofundulus limnaeus	UP000192220	52670	23690
Marchantia polymorpha	UP000244005	3197	19120
Erythrocercus mccallii	UP000532437	107208	14010
Furculomyces boomerangus	UP000245699	61424	6645
Phycomyces blakesleeanus NRRL 1555(-)	UP000077315	763407	16154
Laodelphax striatellus	UP000291343	195883	17309
Coprinellus micaceus	UP000298030	71717	23011
Petromyzon marinus	UP000245300	7757	10375
Podarcis muralis	UP000472272	64176	21928
Chytriomyces confervae	UP000320333	246404	10661
Fusarium kuroshium	UP000277212	2010991	16484
Eurystomus gularis	UP000541249	325343	13936
Nicator chloris	UP000653383	237433	13575
Saimiri boliviensis boliviensis	UP000233220	39432	19359
Copsychus sechellarum	UP000659062	797021	14377
Trypanosoma rangeli	UP000283634	5698	10070
Kwoniella bestiolae CBS 10118	UP000092730	1296100	9131
Herpetotheres cachinnans	UP000555649	56343	14321
Kwoniella mangroviensis CBS 10435	UP000092583	1331196	8428
Phellinidium pouzarii	UP000308199	167371	8697
Cephalotus follicularis	UP000187406	3775	36277
Symbiodinium necroappetens	UP000601435	1628268	35659
Saprochaete ingens	UP000398389	2606893	6465
Armadillidium vulgare	UP000288706	13347	18774
Frieseomelitta varia	UP000655588	561572	10354
Balaenoptera physalus	UP000437017	9770	19643
Pseudonaja textilis	UP000472273	8673	18073
Asarcornis scutulata	UP000525565	75869	14696
Hanseniaspora uvarum	UP000095358	29833	4059
Penicillium vulpinum	UP000191518	29845	10245
Cochlearius cochlearius	UP000525205	110676	14058
Acidomyces richmondensis BFW	UP000075602	766039	11098
Passerina amoena	UP000625584	142471	12951
Moelleriella libera RCEF 2490	UP000078544	1081109	8458
Labeo rohita	UP000290572	84645	32379
Hirsutella minnesotensis 3608	UP000054481	1043627	9072
Melospiza melodia	UP000560247	44397	13912
Mollisia scopiformis	UP000070700	149040	18561
Capsicum annuum	UP000222542	4072	35548
Lachnellula cervina	UP000481288	1316786	9411
Sinocyclocheilus anshuiensis	UP000472260	1608454	43571
Calonectris borealis	UP000535403	1323832	14417
Aspergillus versicolor CBS 583.65	UP000184073	1036611	13222
Schistosoma curassoni	UP000279833	6186	22688
Sphaeramia orbicularis	UP000472271	375764	24323
Spinacia oleracea	UP000054095	3562	21534
Rotaria sordida	UP000663870	392033	54249
Sodiomyces alkalinus F11	UP000272025	1314773	9396
Phlebia centrifuga	UP000186601	98765	13628
Callosobruchus maculatus	UP000410492	64391	20551
Donacobius atricapilla	UP000660704	237420	13711
Calyptomena viridis	UP000642973	135972	13204
Corchorus olitorius	UP000187203	93759	35489
Grifola frondosa	UP000092993	5627	14985
Aphanomyces euteiches	UP000481153	100861	19021
Parambassis ranga	UP000515145	210632	22837
Etheostoma spectabile	UP000327493	54343	18371
Brassica rapa	UP000264353	3711	40244
Hamiltosporidium magnivora	UP000291404	148818	4459
Corythaixoides concolor	UP000526942	103956	14210
Gonium pectorale	UP000075714	33097	16224
Herrania umbratica	UP000504621	108875	18898
Bifiguratus adelaidae	UP000242875	1938954	5718
Macaca nemestrina	UP000233120	9545	21022
Lynx pardinus	UP000386466	191816	21097
Gossypium mustelinum	UP000323597	34275	73065
Absidia glauca	UP000078561	4829	14825
Gossypium trilobum	UP000593568	34281	28189
Anisakis simplex	UP000267096	6269	20779
Bagarius yarrelli	UP000319801	175774	17117
Actinidia rufa	UP000585474	165716	51678
Soboliphyme baturini	UP000270296	241478	13153
Aythya fuligula	UP000504639	219594	15477
Sparassis crispa	UP000287166	139825	13078
Kingdonia uniflora	UP000541444	39325	42606
Coffea canephora	UP000295252	49390	25401
Electrophorus electricus	UP000314983	8005	22824
Glycine soja	UP000289340	3848	55104
Dichomitus squalens	UP000292082	114155	15221
Neodiprion lecontei	UP000504622	441921	11567
Struthidea cinerea	UP000548317	181839	14122
Plasmodium falciparum HB3	UP000054289	137071	5451
Bucorvus abyssinicus	UP000551127	153643	14386
Vigna radiata var. radiata	UP000087766	3916	26968
Pogona vitticeps	UP000504619	103695	18868
Blyttiomyces helicus	UP000269721	388810	12137
Rickenella mellea	UP000294933	50990	17053
Hypholoma sublateritium FD-334 SS-4	UP000054270	945553	17633
Gossypium schwendimanii	UP000593576	34291	30361
Notechis scutatus	UP000504612	8663	19407
Thryothorus ludovicianus	UP000558509	74200	13660
Xenopus laevis	UP000186698	8355	35920
Hepatospora eriocheir	UP000192356	1081669	2687
Peromyscus maniculatus bairdii	UP000504601	230844	21521
Vanrija humicola	UP000473826	5417	4373
Neolentinus lepideus HHB14362 ss-1	UP000076761	1314782	13106
Nyctibius grandis	UP000567826	48427	14050
Colletotrichum higginsianum	UP000305883	80884	12820
Coleophoma cylindrospora	UP000256645	1849047	14176
Plasmodium ovale	UP000242942	36330	6625
Dissostichus mawsoni	UP000518266	36200	29104
Thraustotheca clavata	UP000243217	74557	13171
Oidiodendron maius Zn	UP000054321	913774	16696
Apaloderma vittatum	UP000054244	57397	7903
Scyliorhinus torazame	UP000288216	75743	27602
Ceratocystis fimbriata CBS 114723	UP000222788	1035309	7264
Daphoenositta chrysoptera	UP000557315	254528	13857
Friedmanniomyces simplex	UP000309340	329884	13631
Steinernema carpocapsae	UP000298663	34508	30620
Metschnikowia bicuspidata var. bicuspidata NRRL YB-4993	UP000092555	869754	5826
Grus americana	UP000640762	9117	13771
Dufourea novaeangliae	UP000076502	178035	11355
Metarhizium rileyi RCEF 4871	UP000243498	1081105	8763
Fistulina hepatica ATCC 64428	UP000054144	1128425	9322
[Candida] intermedia	UP000182334	45354	5921
Lepeophtheirus salmonis	UP000675881	72036	15124
Plasmodium falciparum IGH-CR14	UP000054562	580059	5057
Certhia brachydactyla	UP000536092	73330	13859
Rhodotorula toruloides	UP000199069	5286	7496
Papaver somniferum	UP000316621	3469	41351
Helicoverpa armigera	UP000249218	29058	8765
Origma solitaria	UP000571324	720586	14437
Tortispora caseinolytica NRRL Y-17796	UP000095023	767744	4656
Corchorus capsularis	UP000188268	210143	29098
Hanseniaspora valbyensis NRRL Y-1626	UP000092321	766949	4754
Caenorhabditis latens	UP000216463	1503980	24651
Tetradesmus obliquus	UP000256970	3088	17061
Hyphopichia burtonii NRRL Y-1933	UP000095085	984485	5993
Paragonimus westermani	UP000324629	34504	12535
Coptis chinensis	UP000631114	261450	39841
Hermetia illucens	UP000594454	343691	16327
Pan paniscus	UP000240080	9597	21221
Gossypium aridum	UP000593577	34290	27499
Hanseniaspora osmophila	UP000095728	56408	4653
Symbiodinium microadriaticum	UP000186817	2951	43269
Ancylostoma caninum	UP000252519	29170	29973
Lasiodiplodia theobromae	UP000325902	45133	12784
Teladorsagia circumcincta	UP000230423	45464	25373
Drosophila navojoa	UP000295192	7232	15505
Basidiobolus meristosporus CBS 931.73	UP000193498	1314790	15513
Semnornis frantzii	UP000536381	91796	10801
Cimex lectularius	UP000494040	79782	11935
Marmota monax	UP000335636	9995	30583
Fragilariopsis cylindrus CCMP1102	UP000095751	635003	18047
Hondaea fermentalgiana	UP000241890	2315210	11849
Ursus americanus	UP000291022	9643	20406
Podilymbus podiceps	UP000555275	9252	14192
Arachis duranensis	UP000515211	130453	34312
Friedmanniomyces endolithicus	UP000310066	329885	17901
Scytalopus superciliaris	UP000580825	312124	13826
Rhizopus azygosporus	UP000252139	86630	15771
Cariama cristata	UP000054116	54380	8694
Aquilegia coerulea	UP000230069	218851	24680
Hemiprocne comata	UP000518305	243314	13784
Chordeiles acutipennis	UP000568556	118183	14023
Calcarius ornatus	UP000603627	198940	13652
Zapornia atra	UP000557426	2585822	13329
Orthonyx spaldingii	UP000526602	38397	14263
Cordyceps sp. RAO-2017	UP000221130	2004951	11255
Dicrurus megarhynchus	UP000537234	450177	14215
Zygotorulaspora mrakii	UP000509704	42260	5020
Aphis craccivora	UP000478052	307492	31735
Plasmodium ovale curtisi	UP000078560	864141	8608
Mizuhopecten yessoensis	UP000242188	6573	22409
Cicer arietinum	UP000087171	3827	24756
Channa argus	UP000503349	215402	22260
Punctularia strigosozonata HHB-11173 SS5	UP000054196	741275	2093
Anhinga anhinga	UP000657035	56067	13584
fungal sp. No.11243	UP000054361	1603295	9692
Aedes albopictus	UP000249989	7160	16616
Scytalidium sp. 3C	UP000283489	2487125	4330
Platysteira castanea	UP000584415	1160851	13995
Ophiocordyceps australis	UP000226192	1399860	8168
Lupinus albus	UP000464885	3870	46596
Onchocerca flexuosa	UP000242913	387005	8122
Turnix velox	UP000582182	2529409	13120
Glomus cerebriforme	UP000265703	658196	20968
Cuscuta australis	UP000249390	267555	18107
Wickerhamomyces anomalus NRRL Y-366-8	UP000094112	683960	6406
Pangasianodon hypophthalmus	UP000327468	310915	21221
Oenanthe oenanthe	UP000565754	279966	13538
Lobosporangium transversale	UP000193648	64571	11593
Crocodylus porosus	UP000594220	8502	15223
Leptonychotes weddellii	UP000245341	9713	22130
Dryoscopus gambensis	UP000604080	85069	12293
Eragrostis curvula	UP000324897	38414	53658
Chlorella sorokiniana	UP000239899	3076	9482
Eulacestoma nigropectus	UP000540150	461239	14287
Pelecanoides urinatrix	UP000555367	37079	14741
Pachyramphus minor	UP000525089	369605	13717
Aspergillus tamarii	UP000326950	41984	13330
Pyrenochaeta sp. DS3sAY3a	UP000077535	765867	14984
Glaucidium brasilianum	UP000591073	78217	14183
Panagrellus redivivus	UP000492821	6233	26288
Steccherinum ochraceum	UP000292702	92696	12246
Neodrepanis coruscans	UP000560066	254563	8830
Peucedramus taeniatus	UP000629713	135441	13643
Fasciola gigantica	UP000316759	46835	12643
Aspergillus niger	UP000068243	5061	10373
Pipistrellus kuhlii	UP000558488	59472	19412
Trachymyrmex zeteki	UP000075809	64791	14302
Paxillus rubicundulus Ve08.2h10	UP000054538	930991	21895
Aspergillus glaucus CBS 516.65	UP000184300	1160497	11244
Sylvietta virens	UP000567822	208069	13764
Exophiala xenobiotica	UP000054342	348802	12019
Acromyrmex charruanus	UP000669903	2715315	8957
Pogonomyrmex barbatus	UP000504615	144034	9843
Rhododendron simsii	UP000626092	118357	32714
Erithacus rubecula	UP000529965	37610	13660
Aspergillus candidus	UP000234585	41067	9639
Ziziphus jujuba	UP000515210	326968	28045
Nothoprocta ornata	UP000531938	83376	13721
Wolfiporia cocos MD-104 SS10	UP000218811	742152	12196
Oceanites oceanicus	UP000569728	79653	14204
Smittium mucronatum	UP000187455	133383	7962
Lupinus angustifolius	UP000188354	3871	31096
Enterobius vermicularis	UP000274131	51028	12840
Trichophyton rubrum	UP000243015	5551	7033
Echeneis naucrates	UP000472264	173247	21548
Calypte anna	UP000054308	9244	13267
Cardinalis cardinalis	UP000583740	98964	13821
Rissa tridactyla	UP000540089	75485	14770
Furnarius figulus	UP000529852	463165	13848
Adineta ricciae	UP000663828	249248	64107
Elaphomyces granulatus	UP000243515	519963	7163
Microthlaspi erraticum	UP000467841	1685480	45482
Rutstroemia sp. NJR-2017a BVV2	UP000238611	2070413	8646
Ipomoea nil	UP000243839	35883	103
Vidua macroura	UP000656497	187451	13045
Tremella mesenterica	UP000289152	5217	8061
Pichia kudriavzevii	UP000249293	4909	5146
Calocera viscosa TUFC12733	UP000076738	1330018	12317
Temnothorax longispinosus	UP000310200	300112	13004
Allomyces macrogynus ATCC 38327	UP000054350	578462	18611
Grantiella picta	UP000575029	266360	14054
Monilinia laxa	UP000326757	61186	11157
Aspergillus ibericus CBS 121593	UP000249402	1448316	11680
Dendrothele bispora CBS 962.96	UP000297245	1314807	33014
Aspergillus coremiiformis	UP000327118	138285	9078
Arthrobotrys flagrans	UP000283090	97331	9880
Microbotryum saponariae	UP000249723	289078	10396
Rhinoptilus africanus	UP000525158	240209	13665
Ephemera danica	UP000525554	1049336	541
Rhynchosporium commune	UP000178129	914237	12210
Perca flavescens	UP000295070	8167	21644
Rhodotorula diobovata	UP000311382	5288	7905
Trichomalopsis sarcophagae	UP000215335	543379	16054
Phytophthora fragariae	UP000433483	53985	33589
Colletotrichum tanaceti	UP000310108	1306861	12168
Pyrus ussuriensis x Pyrus communis	UP000327157	2448454	41937
Cucurbita maxima	UP000504608	3661	26917
Monosporascus sp. CRB-9-2	UP000294245	2211643	11997
Sphaceloma murrayae	UP000243797	2082308	8255
Plasmodium gonderi	UP000195521	77519	5915
Trichoderma arundinaceum	UP000266272	490622	10471
Odontophorus gujanensis	UP000522663	886794	13809
Aspergillus leporis	UP000326565	41062	12743
Chloropsis cyanopogon	UP000614263	1218682	12540
Gavia stellata	UP000054313	37040	7730
Hippolais icterina	UP000527178	68497	13629
Monosporascus sp. 5C6A	UP000292526	2211642	12533
Heliornis fulica	UP000590868	54369	13523
Suhomyces tanzawaensis NRRL Y-17324	UP000094285	984487	5881
Hypsizygus marmoreus	UP000076154	39966	16572
Valsa mali var. pyri	UP000078576	694573	10741
Tachuris rubrigastra	UP000540952	495162	14316
Rhizopus stolonifer	UP000253551	4846	13951
Mytilus galloprovincialis	UP000266721	29158	3147
Nyctereutes procyonoides	UP000645828	34880	26676
Pichia membranifaciens NRRL Y-2026	UP000094455	763406	5536
Hylia prasina	UP000557268	208073	13444
Cryptotermes secundus	UP000235965	105785	17779
Cadophora sp. DSE1049	UP000244409	1485229	22755
Plasmodium malariae	UP000219813	5858	5915
Aspergillus novoparasiticus	UP000326799	986946	14181
Opisthorchis viverrini	UP000054324	6198	16307
Esox lucius	UP000265140	8010	24809
Mionectes macconnelli	UP000525714	254557	14138
Kryptolebias marmoratus	UP000264800	37003	21873
Buphagus erythrorhynchus	UP000566314	245048	11060
Photinus pyralis	UP000327044	7054	14951
Exophiala mesophila	UP000054302	212818	9181
