UniProtID	Gene symbol	AlphaFold2 model ID	Lysines indices	Lysines RSA
Q9H469	FBXL15	AF-Q9H469-F1-model_v3	180;268	0.63;0.76
Q8NI29	FBXO27	AF-Q8NI29-F1-model_v3	126;163;164;218;245	0.54;0.0;0.29;0.68;0.65
C9JR72	KBTBD13	AF-C9JR72-F1-model_v3	210;222;390;427	0.32;0.36;1.0;0.16
Q693B1	KCTD11	AF-Q693B1-F1-model_v3	31	0.79
Q9BR09	NEURL2	AF-Q9BR09-F1-model_v3	73;237;276;279;283	0.3;0.19;0.69;0.2;0.14
Q9Y3C5	RNF11	AF-Q9Y3C5-F1-model_v3	6;82;94;95	1.0;0.73;0.98;0.6
Q9BV68	RNF126	AF-Q9BV68-F1-model_v3	207;209;233;271	0.55;0.66;0.74;0.57
Q9P0P0	RNF181	AF-Q9P0P0-F1-model_v3	56;75;109;134;137	0.76;0.58;0.77;0.58;0.64
P0DH78	RNF224	AF-P0DH78-F1-model_v3	95;112	0.49;1.0
Q7L0R7	RNF44	AF-Q7L0R7-F1-model_v3	351;357;405;409;412	0.72;0.67;0.91;0.8;0.65
Q9Y252	RNF6	AF-Q9Y252-F1-model_v3	80;608;630;644	0.35;0.75;0.44;0.62
Q8IW03	SIAH3	AF-Q8IW03-F1-model_v3	23;25;45;173;213	0.97;0.7;0.91;0.07;0.5
O15524	SOCS1	AF-O15524-F1-model_v3	118	0.18
P40337	VHL	AF-P40337-F1-model_v3	159;171;196	0.53;0.67;0.41
